name,email,password
김영희,kim.younghee@school.com,teacher123
이철수,lee.cheolsu@school.com,teacher123
박민지,park.minji@school.com,teacher123
정수민,jung.sumin@school.com,teacher123
최동욱,choi.dongwook@school.com,teacher123
강서연,kang.seoyeon@school.com,teacher123
윤지훈,yoon.jihoon@school.com,teacher123
임하늘,lim.haneul@school.com,teacher123
한소희,han.sohee@school.com,teacher123
오준서,oh.junseo@school.com,teacher123
신예은,shin.yeeun@school.com,teacher123
조민호,cho.minho@school.com,teacher123
백지우,baek.jiwoo@school.com,teacher123
황도현,hwang.dohyun@school.com,teacher123
노수아,noh.sua@school.com,teacher123
서우진,seo.woojin@school.com,teacher123
문채원,moon.chaewon@school.com,teacher123
권태양,kwon.taeyang@school.com,teacher123
송하윤,song.hayoon@school.com,teacher123
안준혁,ahn.junhyuk@school.com,teacher123
유지민,yoo.jimin@school.com,teacher123
홍시우,hong.siwoo@school.com,teacher123
장서진,jang.seojin@school.com,teacher123
배준영,bae.junyoung@school.com,teacher123
임채린,lim.chaerin@school.com,teacher123
강민재,kang.minjae@school.com,teacher123
오윤서,oh.yoonseo@school.com,teacher123
신태민,shin.taemin@school.com,teacher123
정아인,jung.ain@school.com,teacher123
최시온,choi.sion@school.com,teacher123
박도윤,park.doyoon@school.com,teacher123
이서아,lee.seoa@school.com,teacher123
김하준,kim.hajun@school.com,teacher123
윤채은,yoon.chaeeun@school.com,teacher123
조유진,cho.yujin@school.com,teacher123
